{
    "bleu": {
        "bleu": 0.03499264837790477,
        "precisions": [
            0.2413350253031021,
            0.05669650422912783,
            0.01742046671945596,
            0.006290292295174313
        ],
        "brevity_penalty": 1.0,
        "length_ratio": 1.2401076920160021,
        "translation_length": 65407,
        "reference_length": 52743
    },
    "rouge": {
        "rouge1": 0.24461914073489777,
        "rouge2": 0.06483970492350719,
        "rougeL": 0.1636946553524528,
        "rougeLsum": 0.19937085158701426
    },
    "bertscore": 0.8387138459682465
}