{
    "bleu": {
        "bleu": 0.03227446725531252,
        "precisions": [
            0.23248397118117523,
            0.052036123700346576,
            0.014953459457643066,
            0.005997865166635604
        ],
        "brevity_penalty": 1.0,
        "length_ratio": 1.1473750071099482,
        "translation_length": 60516,
        "reference_length": 52743
    },
    "rouge": {
        "rouge1": 0.23047058862595443,
        "rouge2": 0.058774574107900164,
        "rougeL": 0.15427802248698808,
        "rougeLsum": 0.18314482137670415
    },
    "bertscore": 0.839439180970192
}