{
    "bleu": {
        "bleu": 0.03940850007674785,
        "precisions": [
            0.24465021558239067,
            0.06161692300290283,
            0.020451385520742393,
            0.00782332328253606
        ],
        "brevity_penalty": 1.0,
        "length_ratio": 1.191684204538991,
        "translation_length": 62853,
        "reference_length": 52743
    },
    "rouge": {
        "rouge1": 0.24413180953561153,
        "rouge2": 0.06505009434607771,
        "rougeL": 0.16527703699775037,
        "rougeLsum": 0.19836264107963889
    },
    "bertscore": 0.8412974797487259
}