{
    "bleu": {
        "bleu": 0.031113092632829267,
        "precisions": [
            0.2223935550870126,
            0.04792565338746511,
            0.01432225063938619,
            0.006138626623272001
        ],
        "brevity_penalty": 1.0,
        "length_ratio": 1.2049750677815065,
        "translation_length": 63554,
        "reference_length": 52743
    },
    "rouge": {
        "rouge1": 0.2229655337233108,
        "rouge2": 0.051207244107131546,
        "rougeL": 0.14802214894464744,
        "rougeLsum": 0.17962834147424978
    },
    "bertscore": 0.8341480239629745
}