{
    "bleu": {
        "bleu": 0.03446890118283982,
        "precisions": [
            0.22244700501363357,
            0.05236730956670703,
            0.0167375844318148,
            0.007239859699613275
        ],
        "brevity_penalty": 1.0,
        "length_ratio": 1.2933280245719811,
        "translation_length": 68214,
        "reference_length": 52743
    },
    "rouge": {
        "rouge1": 0.2355454417503195,
        "rouge2": 0.06548453672684088,
        "rougeL": 0.1594249021627493,
        "rougeLsum": 0.19057655455747693
    },
    "bertscore": 0.8376385926008224
}