{
    "bleu": {
        "bleu": 0.02669482500062622,
        "precisions": [
            0.20995513520067904,
            0.04180157615003971,
            0.011881310022162028,
            0.0048699536268746995
        ],
        "brevity_penalty": 1.0,
        "length_ratio": 1.2508958534781867,
        "translation_length": 65976,
        "reference_length": 52743
    },
    "rouge": {
        "rouge1": 0.21883903205404712,
        "rouge2": 0.049537549457867605,
        "rougeL": 0.14475402253737463,
        "rougeLsum": 0.17401517952426146
    },
    "bertscore": 0.8328170738220215
}