{
    "bleu": {
        "bleu": 0.035157543841524246,
        "precisions": [
            0.2417643580199673,
            0.05483033301751061,
            0.016851048765377467,
            0.006839652124220941
        ],
        "brevity_penalty": 1.0,
        "length_ratio": 1.0900783042299451,
        "translation_length": 57494,
        "reference_length": 52743
    },
    "rouge": {
        "rouge1": 0.23233815166813018,
        "rouge2": 0.06023503983891296,
        "rougeL": 0.1586100601099708,
        "rougeLsum": 0.18741099961431357
    },
    "bertscore": 0.840188180565834
}